1,ROBUST_CHANNEL_FIFO_ERROR_FIFO_METHOD,UNEXPECTED_ERR_REPORT_ISSUE,FATAL
2,ROBUST_CHANNEL_FIFO_ERROR_SW_METHOD,UNEXPECTED_ERR_REPORT_ISSUE,FATAL
3,ROBUST_CHANNEL_FIFO_ERROR_UNK_METHOD,UNEXPECTED_ERR_REPORT_ISSUE,FATAL
4,ROBUST_CHANNEL_FIFO_ERROR_CHANNEL_BUSY,UNEXPECTED_ERR_REPORT_ISSUE,FATAL
5,ROBUST_CHANNEL_FIFO_ERROR_RUNOUT_OVERFLOW,UNEXPECTED_ERR_REPORT_ISSUE,FATAL
6,ROBUST_CHANNEL_FIFO_ERROR_PARSE_ERR,UNEXPECTED_ERR_REPORT_ISSUE,FATAL
7,ROBUST_CHANNEL_FIFO_ERROR_PTE_ERR,UNEXPECTED_ERR_REPORT_ISSUE,FATAL
8,ROBUST_CHANNEL_FIFO_ERROR_IDLE_TIMEOUT,RESTART_APP,NONFATAL
9,ROBUST_CHANNEL_GR_ERROR_INSTANCE,UNEXPECTED_ERR_REPORT_ISSUE,FATAL
10,ROBUST_CHANNEL_GR_ERROR_SINGLE_STEP,UNEXPECTED_ERR_REPORT_ISSUE,FATAL
11,ROBUST_CHANNEL_GR_ERROR_MISSING_HW,RESTART_APP,NONFATAL
12,ROBUST_CHANNEL_GR_ERROR_SW_METHOD,UNEXPECTED_ERR_REPORT_ISSUE,FATAL
13,ROBUST_CHANNEL_GR_EXCEPTION / ROBUST_CHANNEL_GR_ERROR_SW_NOTIFY,RESTART_APP,NONFATAL
14,ROBUST_CHANNEL_FAKE_ERROR,IGNORE,NONFATAL
15,ROBUST_CHANNEL_SCANLINE_TIMEOUT,UNEXPECTED_ERR_REPORT_ISSUE,FATAL
16,ROBUST_CHANNEL_VBLANK_CALLBACK_TIMEOUT,UNEXPECTED_ERR_REPORT_ISSUE,FATAL
17,ROBUST_CHANNEL_PARAMETER_ERROR,UNEXPECTED_ERR_REPORT_ISSUE,FATAL
18,ROBUST_CHANNEL_BUS_MASTER_TIMEOUT_ERROR,UNEXPECTED_ERR_REPORT_ISSUE,FATAL
19,ROBUST_CHANNEL_DISP_MISSED_NOTIFIER,UNEXPECTED_ERR_REPORT_ISSUE,FATAL
20,ROBUST_CHANNEL_MPEG_ERROR_SW_METHOD,UNEXPECTED_ERR_REPORT_ISSUE,FATAL
21,ROBUST_CHANNEL_ME_ERROR_SW_METHOD,UNEXPECTED_ERR_REPORT_ISSUE,FATAL
22,ROBUST_CHANNEL_VP_ERROR_SW_METHOD,UNEXPECTED_ERR_REPORT_ISSUE,FATAL
23,ROBUST_CHANNEL_RC_LOGGING_ENABLED,UNEXPECTED_ERR_REPORT_ISSUE,FATAL
24,ROBUST_CHANNEL_GR_SEMAPHORE_TIMEOUT,UNEXPECTED_ERR_REPORT_ISSUE,FATAL
25,ROBUST_CHANNEL_GR_ILLEGAL_NOTIFY,RESTART_APP,NONFATAL
26,ROBUST_CHANNEL_FIFO_ERROR_FBISTATE_TIMEOUT,UNEXPECTED_ERR_REPORT_ISSUE,FATAL
27,ROBUST_CHANNEL_VP_ERROR,UNEXPECTED_ERR_REPORT_ISSUE,FATAL
28,ROBUST_CHANNEL_VP2_ERROR,UNEXPECTED_ERR_REPORT_ISSUE,FATAL
29,ROBUST_CHANNEL_BSP_ERROR,UNEXPECTED_ERR_REPORT_ISSUE,FATAL
30,ROBUST_CHANNEL_BAD_ADDR_ACCESS,UNEXPECTED_ERR_REPORT_ISSUE,FATAL
31,ROBUST_CHANNEL_FIFO_ERROR_MMU_ERR_FLT,RESTART_APP,NONFATAL
32,ROBUST_CHANNEL_PBDMA_ERROR,RESTART_APP,NONFATAL
33,ROBUST_CHANNEL_SEC_ERROR,UNEXPECTED_ERR_REPORT_ISSUE,FATAL
34,ROBUST_CHANNEL_MSVLD_ERROR,UNEXPECTED_ERR_REPORT_ISSUE,FATAL
35,ROBUST_CHANNEL_MSPDEC_ERROR,UNEXPECTED_ERR_REPORT_ISSUE,FATAL
36,ROBUST_CHANNEL_MSPPP_ERROR,UNEXPECTED_ERR_REPORT_ISSUE,FATAL
37,ROBUST_CHANNEL_FECS_ERR_UNIMP_FIRMWARE_METHOD,IGNORE,NONFATAL
38,ROBUST_CHANNEL_FECS_ERR_WATCHDOG_TIMEOUT,IGNORE,NONFATAL
39,ROBUST_CHANNEL_CE0_ERROR,RESTART_APP,NONFATAL
40,ROBUST_CHANNEL_CE1_ERROR,RESTART_APP,NONFATAL
41,ROBUST_CHANNEL_CE2_ERROR,RESTART_APP,NONFATAL
42,ROBUST_CHANNEL_VIC_ERROR,UNEXPECTED_ERR_REPORT_ISSUE,FATAL
43,ROBUST_CHANNEL_RESETCHANNEL_VERIF_ERROR,IGNORE,NONFATAL
44,ROBUST_CHANNEL_GR_FAULT_DURING_CTXSW,IGNORE,NONFATAL
45,ROBUST_CHANNEL_PREEMPTIVE_REMOVAL,WORKFLOW_XID_45,NONFATAL
46,ROBUST_CHANNEL_GPU_TIMEOUT_ERROR,RESET_GPU,FATAL
47,ROBUST_CHANNEL_NVENC0_ERROR,UNEXPECTED_ERR_REPORT_ISSUE,FATAL
48,ROBUST_CHANNEL_GPU_ECC_DBE,WORKFLOW_XID_48,FATAL
49,SILENT_RUNNING_CONSTANT_LEVEL_SET_BY_REGISTRY,UNEXPECTED_ERR_REPORT_ISSUE,FATAL
50,SILENT_RUNNING_LEVEL_TRANSITION_DUE_TO_RC_ERROR,UNEXPECTED_ERR_REPORT_ISSUE,FATAL
51,SILENT_RUNNING_STRESS_TEST_FAILURE,UNEXPECTED_ERR_REPORT_ISSUE,FATAL
52,SILENT_RUNNING_LEVEL_TRANS_DUE_TO_TEMP_RISE,UNEXPECTED_ERR_REPORT_ISSUE,FATAL
53,SILENT_RUNNING_TEMP_REDUCED_CLOCKING,UNEXPECTED_ERR_REPORT_ISSUE,FATAL
54,SILENT_RUNNING_PWR_REDUCED_CLOCKING,CHECK_MECHANICALS,FATAL
55,SILENT_RUNNING_TEMPERATURE_READ_ERROR,UNEXPECTED_ERR_REPORT_ISSUE,FATAL
56,DISPLAY_CHANNEL_EXCEPTION,UNEXPECTED_ERR_REPORT_ISSUE,FATAL
57,FB_LINK_TRAINING_FAILURE_ERROR,UNEXPECTED_ERR_REPORT_ISSUE,FATAL
58,FB_MEMORY_ERROR,UNEXPECTED_ERR_REPORT_ISSUE,FATAL
59,PMU_ERROR,UNEXPECTED_ERR_REPORT_ISSUE,FATAL
60,ROBUST_CHANNEL_SEC2_ERROR,RESTART_APP,NONFATAL
61,PMU_BREAKPOINT,UNEXPECTED_ERR_REPORT_ISSUE,FATAL
62,PMU_HALT_ERROR,RESET_GPU,FATAL
63,INFOROM_DRAM_RETIREMENT_EVENT,IGNORE,NONFATAL
64,INFOROM_DRAM_RETIREMENT_FAILURE,RESET_GPU,FATAL
65,ROBUST_CHANNEL_NVENC1_ERROR,UNEXPECTED_ERR_REPORT_ISSUE,FATAL
66,ROBUST_CHANNEL_FECS_ERR_REG_ACCESS_VIOLATION,IGNORE,NONFATAL
67,ROBUST_CHANNEL_FECS_ERR_VERIF_VIOLATION,IGNORE,NONFATAL
68,ROBUST_CHANNEL_NVDEC0_ERROR,RESTART_APP,NONFATAL
69,ROBUST_CHANNEL_GR_CLASS_ERROR,RESTART_APP,NONFATAL
70,ROBUST_CHANNEL_CE3_ERROR,RESTART_APP,NONFATAL
71,ROBUST_CHANNEL_CE4_ERROR,RESTART_APP,NONFATAL
72,ROBUST_CHANNEL_CE5_ERROR,RESTART_APP,NONFATAL
73,ROBUST_CHANNEL_NVENC2_ERROR,UNEXPECTED_ERR_REPORT_ISSUE,FATAL
74,NVLINK_ERROR,WORKFLOW_NVLINK_ERR,FATAL
75,ROBUST_CHANNEL_CE6_ERROR,RESTART_APP,NONFATAL
76,ROBUST_CHANNEL_CE7_ERROR,RESTART_APP,NONFATAL
77,ROBUST_CHANNEL_CE8_ERROR,RESTART_APP,NONFATAL
78,VGPU_START_ERROR,UPDATE_SWFW,FATAL
79,ROBUST_CHANNEL_GPU_HAS_FALLEN_OFF_THE_BUS,RESTART_BM,FATAL
80,PBDMA_PUSHBUFFER_CRC_MISMATCH,RESTART_APP,NONFATAL
81,ROBUST_CHANNEL_VGA_SUBSYSTEM_ERROR,UNEXPECTED_ERR_REPORT_ISSUE,FATAL
82,ROBUST_CHANNEL_NVJPG0_ERROR,RESTART_APP,NONFATAL
83,ROBUST_CHANNEL_NVDEC1_ERROR,RESTART_APP,NONFATAL
84,ROBUST_CHANNEL_NVDEC2_ERROR,RESTART_APP,NONFATAL
85,ROBUST_CHANNEL_CE9_ERROR,RESTART_APP,NONFATAL
86,ROBUST_CHANNEL_OFA0_ERROR,RESTART_APP,NONFATAL
87,NVTELEMETRY_DRIVER_REPORT,UNEXPECTED_ERR_REPORT_ISSUE,FATAL
88,ROBUST_CHANNEL_NVDEC3_ERROR,RESTART_APP,NONFATAL
89,ROBUST_CHANNEL_NVDEC4_ERROR,RESTART_APP,NONFATAL
90,LTC_ERROR,UNEXPECTED_ERR_REPORT_ISSUE,FATAL
91,RESERVED_XID,UNEXPECTED_ERR_REPORT_ISSUE,FATAL
92,EXCESSIVE_SBE_INTERRUPTS,IGNORE,NONFATAL
93,INFOROM_ERASE_LIMIT_EXCEEDED,IGNORE,NONFATAL
94,ROBUST_CHANNEL_CONTAINED_ERROR,RESTART_APP,NONFATAL
95,ROBUST_CHANNEL_UNCONTAINED_ERROR,RESET_GPU,FATAL
96,ROBUST_CHANNEL_NVDEC5_ERROR,RESTART_APP,NONFATAL
97,ROBUST_CHANNEL_NVDEC6_ERROR,RESTART_APP,NONFATAL
98,ROBUST_CHANNEL_NVDEC7_ERROR,RESTART_APP,NONFATAL
99,ROBUST_CHANNEL_NVJPG1_ERROR,RESTART_APP,NONFATAL
100,ROBUST_CHANNEL_NVJPG2_ERROR,RESTART_APP,NONFATAL
101,ROBUST_CHANNEL_NVJPG3_ERROR,RESTART_APP,NONFATAL
102,ROBUST_CHANNEL_NVJPG4_ERROR,RESTART_APP,NONFATAL
103,ROBUST_CHANNEL_NVJPG5_ERROR,RESTART_APP,NONFATAL
104,ROBUST_CHANNEL_NVJPG6_ERROR,RESTART_APP,NONFATAL
105,ROBUST_CHANNEL_NVJPG7_ERROR,RESTART_APP,NONFATAL
106,SMBPBI_TEST_MESSAGE,IGNORE,NONFATAL
107,SMBPBI_TEST_MESSAGE_SILENT,IGNORE,NONFATAL
108,DESTINATION_FLA_TRANSLATION_ERROR,UNEXPECTED_ERR_REPORT_ISSUE,FATAL
109,ROBUST_CHANNEL_CTXSW_TIMEOUT_ERROR,RESET_GPU,NONFATAL
110,SEC_FAULT_ERROR,RESET_GPU,FATAL
111,BUNDLE_ERROR_EVENT,UNEXPECTED_ERR_REPORT_ISSUE,FATAL
112,DISP_SUPERVISOR_ERROR,UNEXPECTED_ERR_REPORT_ISSUE,FATAL
113,DP_LT_FAILURE,UNEXPECTED_ERR_REPORT_ISSUE,FATAL
114,HEAD_RG_UNDERFLOW,UNEXPECTED_ERR_REPORT_ISSUE,FATAL
115,CORE_CHANNEL_REGS,UNEXPECTED_ERR_REPORT_ISSUE,FATAL
116,WINDOW_CHANNEL_REGS,UNEXPECTED_ERR_REPORT_ISSUE,FATAL
117,CURSOR_CHANNEL_REGS,UNEXPECTED_ERR_REPORT_ISSUE,FATAL
118,HEAD_REGS,UNEXPECTED_ERR_REPORT_ISSUE,FATAL
119,GSP_RPC_TIMEOUT,RESET_GPU,FATAL
120,GSP_ERROR,RESET_GPU,FATAL
121,C2C_ERROR,IGNORE,NONFATAL
122,SPI_PMU_RPC_READ_FAIL,UNEXPECTED_ERR_REPORT_ISSUE,FATAL
123,SPI_PMU_RPC_WRITE_FAIL,UNEXPECTED_ERR_REPORT_ISSUE,FATAL
124,SPI_PMU_RPC_ERASE_FAIL,UNEXPECTED_ERR_REPORT_ISSUE,FATAL
125,INFOROM_FS_ERROR,UNEXPECTED_ERR_REPORT_ISSUE,FATAL
126,ROBUST_CHANNEL_CE10_ERROR,RESTART_APP,NONFATAL
127,ROBUST_CHANNEL_CE11_ERROR,RESTART_APP,NONFATAL
128,ROBUST_CHANNEL_CE12_ERROR,RESTART_APP,NONFATAL
129,ROBUST_CHANNEL_CE13_ERROR,RESTART_APP,NONFATAL
130,ROBUST_CHANNEL_CE14_ERROR,RESTART_APP,NONFATAL
131,ROBUST_CHANNEL_CE15_ERROR,RESTART_APP,NONFATAL
132,ROBUST_CHANNEL_CE16_ERROR,RESTART_APP,NONFATAL
133,ROBUST_CHANNEL_CE17_ERROR,RESTART_APP,NONFATAL
134,ROBUST_CHANNEL_CE18_ERROR,RESTART_APP,NONFATAL
135,ROBUST_CHANNEL_CE19_ERROR,RESTART_APP,NONFATAL
136,ALI_TRAINING_FAIL,RESET_GPU,FATAL
137,NVLINK_FLA_PRIV_ERR,IGNORE,NONFATAL
138,ROBUST_CHANNEL_DLA_ERROR,UNEXPECTED_ERR_REPORT_ISSUE,FATAL
139,ROBUST_CHANNEL_OFA1_ERROR,RESTART_APP,NONFATAL
140,UNRECOVERABLE_ECC_ERROR_ESCAPE,RESET_GPU,FATAL
141,ROBUST_CHANNEL_FAST_PATH_ERROR ,IGNORE,NONFATAL
142,ROBUST_CHANNEL_NVENC3_ERROR,UNEXPECTED_ERR_REPORT_ISSUE,FATAL
143,GPU_INIT_ERROR,RESET_GPU,FATAL
144,NVLINK_SAW_ERROR,WORKFLOW_NVLINK5_ERR,FATAL
145,NVLINK_RLW_ERROR,WORKFLOW_NVLINK5_ERR,FATAL
146,NVLINK_TLW_ERROR,WORKFLOW_NVLINK5_ERR,FATAL
147,NVLINK_TREX_ERROR,WORKFLOW_NVLINK5_ERR,FATAL
148,NVLINK_NVLPW_CTRL_ERROR,WORKFLOW_NVLINK5_ERR,FATAL
149,NVLINK_NETIR_ERROR,WORKFLOW_NVLINK5_ERR,FATAL
150,NVLINK_MSE_ERROR,WORKFLOW_NVLINK5_ERR,FATAL
151,ROBUST_CHANNEL_KEY_ROTATION_ERROR,RESTART_VM,FATAL
152,ROBUST_CHANNEL_DLA_SMMU_ERROR,IGNORE,NONFATAL
153,ROBUST_CHANNEL_DLA_TIMEOUT,IGNORE,NONFATAL
154,GPU_RECOVERY_ACTION_CHANGED ,Follow guidance as it aapplies to another Xid,NONFATAL
155,NVLINK_SW_DEFINED_ERROR,RESET_GPU,FATAL
156,RESOURCE_RETIREMENT_EVENT,RESET_GPU,FATAL
157,RESOURCE_RETIREMENT_FAILURE,IGNORE,NONFATAL
158,GPU_FATAL_TIMEOUT,RESET_GPU,FATAL
159,ROBUST_CHANNEL_CHI_NON_DATA_ERROR,CHECK_UVM,NONFATAL
160,CHANNEL_RETIREMENT_EVENT ,RESTART_BM,FATAL
161,CHANNEL_RETIREMENT_FAILURE,IGNORE,NONFATAL
162,,RESET_GPU,FATAL
